{"val_acc": [0.7609090909090909, 0.7609090909090909, 0.7609090909090909, 0.7609090909090909, 0.7609090909090909, 0.7609090909090909, 0.7609090909090909, 0.7609090909090909, 0.7609090909090909, 0.7609090909090909], "loss": [3.9374175083974334, 3.9497363095418345, 3.9497363046386247, 3.9497363095418345, 3.949736301880569, 3.9497362936064024, 3.949736299735415, 3.949736326703069, 3.9497363239450136, 3.949736294832205], "acc": [0.7527313624678663, 0.7522493573264781, 0.7522493573264781, 0.7522493573264781, 0.7522493573264781, 0.7522493573264781, 0.7522493573264781, 0.7522493573264781, 0.7522493573264781, 0.7522493573264781], "val_loss": [3.811679416136309, 3.811679416136309, 3.811679416136309, 3.811679416136309, 3.811679416136309, 3.811679416136309, 3.811679416136309, 3.811679416136309, 3.811679416136309, 3.811679416136309]}